COUNTRY	PM_ABBR	CHES_ID	YEAR	LR_SCORE	LR_CHES	LR
IS	F	F	2019	5.1999998	C	
IS	0	FIF	2019	4.4000001	L	
IS	0	Graen	2019	2.0	L	
IS	M	M	2019	6.1999998	R	
IS	0	Pi	2019	4.0	L	
IS	0	Sam	2019	3.2	L	
IS	0	Sj	2019	7.8000002	R	
IS	V	V	2019	6.8000002	R	
IS	Bf	0	0	0	0	
IS	Flf	0	0	0	0	
IS	P	0	0	0	0	
IS	S	0	0	0	0	
IS	Sf	0	0	0	0	
IS	U	0	0	0	0	
IS	Vg	0	0	0	0	
